{
  "train_loss": [
    0.6744540083673265,
    0.5858316959804959,
    0.5433458240297105,
    0.5327612352371216,
    0.5290955929756165,
    0.5271323598225911,
    0.5247507038646274,
    0.5240670281516181,
    0.5221541101137797,
    0.5208002087010277,
    0.5197345324887169,
    0.5172025850613912,
    0.516410991774665,
    0.5123964770634969,
    0.5089228920936585,
    0.5074570128387875,
    0.5035720936987135,
    0.4999989464547899,
    0.4987363977432251,
    0.49773917823367647,
    0.49719961081610786,
    0.4951721263991462,
    0.49268432188034056,
    0.4921486253208584,
    0.49168085781733195,
    0.49001721737119885,
    0.48836686539649965,
    0.4881267784436544,
    0.4882507461706797,
    0.4864036651187473,
    0.4856039187643263,
    0.4837131295204163,
    0.4825345263216231,
    0.4830831014845106,
    0.4828176765706804,
    0.48102275217903984,
    0.4803448060883416,
    0.48012474319669934,
    0.4789566941261291,
    0.4789818148612976,
    0.4786674008369446,
    0.4783641725911034,
    0.4774292039341397,
    0.4769295494291517,
    0.47645589139726424,
    0.4750984741051992,
    0.47550777986314563,
    0.473735541899999,
    0.4742710655265384,
    0.47337048602104187,
    0.4733045086065928,
    0.4740489153862,
    0.4745708995130327,
    0.4733243292702569,
    0.47292082897822063,
    0.4733302710056305,
    0.4724909897380405,
    0.4721742972003089,
    0.47219725863138834,
    0.4714729385111067,
    0.4711378182835049,
    0.47179218981001114,
    0.47113621208402845,
    0.47170804437001546,
    0.47155555325084264,
    0.46914657815297445,
    0.4704959570566813,
    0.46927592913309735,
    0.4696744617621104,
    0.4682961362865236,
    0.46825468852784896,
    0.4693711633682251,
    0.4681304017437829,
    0.4686789895163642,
    0.467474779897266,
    0.46720022100872466,
    0.46835900767644245,
    0.4685228182474772,
    0.46880163666937086,
    0.4661337889565362,
    0.4670496164427863,
    0.4661411452293396,
    0.4678010552194383,
    0.4652754637930128,
    0.4670323869122399,
    0.4671510773234897,
    0.4670736484527588
  ],
  "val_loss": [
    0.6287548413276672,
    0.5537130932807922,
    0.5430198678970337,
    0.5302928705215454,
    0.5301093869209289,
    0.5302691950798034,
    0.5286529650688171,
    0.5248060836791992,
    0.5242519693374634,
    0.5229649260044098,
    0.5218954224586487,
    0.5200720677375793,
    0.5203901998996735,
    0.513102178812027,
    0.5153233785629272,
    0.51597256565094,
    0.5054357244968414,
    0.5045266056060791,
    0.5015956571102143,
    0.4970166029930115,
    0.49570934247970583,
    0.5058771212100983,
    0.5132176814079284,
    0.49280514001846315,
    0.49988189911842346,
    0.49497867155075076,
    0.4946213185787201,
    0.49400782775878904,
    0.4936194005012512,
    0.49157798528671265,
    0.48994360327720643,
    0.5064967768192291,
    0.48554126572608947,
    0.4870648748874664,
    0.48659162092208863,
    0.4895612578392029,
    0.4857346920967102,
    0.4875254807472229,
    0.4836826493740082,
    0.4897485978603363,
    0.5017668821811676,
    0.49849438619613645,
    0.48726552033424375,
    0.48368262815475466,
    0.4949089872837067,
    0.4927456955909729,
    0.4916842460632324,
    0.4926681821346283,
    0.4822795965671539,
    0.4823287274837494,
    0.4855938527584076,
    0.4847981221675873,
    0.48375723290443423,
    0.491494131565094,
    0.484835307598114,
    0.48862971901893615,
    0.48970591139793396,
    0.4828539910316467,
    0.4900184473991394,
    0.4863797986507416,
    0.48952771234512327,
    0.4847219738960266,
    0.493632949590683,
    0.48958892607688903,
    0.4843634774684906,
    0.48273473501205444,
    0.4818363003730774,
    0.4839748041629791,
    0.49375678491592406,
    0.4827299420833588,
    0.49432269525527955,
    0.5173005766868591,
    0.48378807616233827,
    0.4860818536281586,
    0.4861235861778259,
    0.48476099634170533,
    0.49333815050125124,
    0.48283030939102173,
    0.49328575301170347,
    0.4850743577480316,
    0.4959439911842346,
    0.4970928113460541,
    0.48652244520187377,
    0.488360170841217,
    0.48479557847976684,
    0.4888780760765076,
    0.48777833914756774
  ],
  "train_acc": [
    0.5983333333333334,
    0.7226666666666667,
    0.7352777777777778,
    0.7357777777777778,
    0.7379444444444444,
    0.7395,
    0.7399444444444444,
    0.7449444444444444,
    0.7426666666666667,
    0.7441666666666666,
    0.7442777777777778,
    0.7485555555555555,
    0.7472777777777778,
    0.7501666666666666,
    0.7545,
    0.7518888888888889,
    0.7558888888888889,
    0.7607222222222222,
    0.7600555555555556,
    0.7621666666666667,
    0.7608333333333334,
    0.7658888888888888,
    0.7665555555555555,
    0.7641111111111111,
    0.7656111111111111,
    0.765,
    0.7663333333333333,
    0.7672222222222222,
    0.7670555555555556,
    0.7673888888888889,
    0.7679444444444444,
    0.7688888888888888,
    0.7711111111111111,
    0.7706111111111111,
    0.7705,
    0.7722777777777777,
    0.773,
    0.7721666666666667,
    0.772,
    0.7698888888888888,
    0.7749444444444444,
    0.7742777777777777,
    0.7748333333333334,
    0.7733888888888889,
    0.775,
    0.775,
    0.7749444444444444,
    0.7768888888888889,
    0.7762777777777777,
    0.7776666666666666,
    0.7782777777777777,
    0.7747777777777778,
    0.7767777777777778,
    0.7768888888888889,
    0.776,
    0.7775555555555556,
    0.7767777777777778,
    0.776,
    0.7770555555555556,
    0.7796666666666666,
    0.7775,
    0.7781111111111111,
    0.7785,
    0.7789444444444444,
    0.7783333333333333,
    0.7803888888888889,
    0.7776111111111111,
    0.7787222222222222,
    0.7806666666666666,
    0.7793888888888889,
    0.7794444444444445,
    0.7789444444444444,
    0.78,
    0.7818888888888889,
    0.7812777777777777,
    0.7800555555555555,
    0.7785555555555556,
    0.7789444444444444,
    0.7801111111111111,
    0.7806111111111111,
    0.781,
    0.7825,
    0.7793888888888889,
    0.7830555555555555,
    0.7810555555555555,
    0.7813888888888889,
    0.7795555555555556
  ],
  "val_acc": [
    0.7055,
    0.73,
    0.725,
    0.7425,
    0.7475,
    0.7345,
    0.738,
    0.749,
    0.744,
    0.746,
    0.747,
    0.7505,
    0.7485,
    0.7595,
    0.746,
    0.751,
    0.7535,
    0.7585,
    0.7655,
    0.7705,
    0.7645,
    0.762,
    0.7525,
    0.771,
    0.7615,
    0.767,
    0.763,
    0.7665,
    0.769,
    0.7625,
    0.7695,
    0.76,
    0.7735,
    0.773,
    0.771,
    0.7655,
    0.7745,
    0.775,
    0.7795,
    0.7695,
    0.765,
    0.768,
    0.7685,
    0.7725,
    0.7605,
    0.7695,
    0.771,
    0.7705,
    0.7745,
    0.7775,
    0.777,
    0.7705,
    0.777,
    0.7685,
    0.774,
    0.768,
    0.777,
    0.774,
    0.7695,
    0.7775,
    0.775,
    0.775,
    0.765,
    0.77,
    0.7745,
    0.7755,
    0.781,
    0.7825,
    0.7645,
    0.7805,
    0.765,
    0.751,
    0.7775,
    0.7775,
    0.7765,
    0.7785,
    0.7635,
    0.779,
    0.7695,
    0.777,
    0.7605,
    0.7675,
    0.776,
    0.78,
    0.7775,
    0.776,
    0.7795
  ]
}