{
  "train_loss": [
    0.6328697757191128,
    0.500585588561164,
    0.462384341372384,
    0.4432837180826399,
    0.4319683244228363,
    0.42392063691880966,
    0.4168334487014347,
    0.411951033671697,
    0.4054662614133623,
    0.4014205156167348,
    0.39627584205733407,
    0.394023636897405,
    0.39119417537583245,
    0.3889767156177097,
    0.3870086957613627,
    0.38415475384394326,
    0.3826964405377706,
    0.3812111322349972,
    0.37924684863620334,
    0.3783315534061856,
    0.37765504834387037,
    0.376285134156545,
    0.37512146067619323,
    0.3742104150189294,
    0.3734372391700745,
    0.3715078302489387,
    0.37203470571835834,
    0.3694703261322445,
    0.36969658229086133,
    0.3682954503430261,
    0.368803013059828,
    0.36909207370546127,
    0.3701793350643582,
    0.3666918832990858,
    0.36467563592063057,
    0.36651445497406854,
    0.36450651350286273,
    0.3655043440659841,
    0.36470143230756125,
    0.36563302909003365,
    0.3629610787100262,
    0.3656181992689769,
    0.3626138662232293,
    0.3614303591251373,
    0.36249916723039416,
    0.3603628154595693,
    0.36161728774176705,
    0.3602355363898807,
    0.3623493316703372,
    0.3600467279354731,
    0.36143842485215927,
    0.35960942425992753,
    0.36056925280888874,
    0.3580670274098714,
    0.3593656727870305,
    0.3583949332502153,
    0.35868858660591973,
    0.3579911980893877,
    0.35876845457818773,
    0.35819026092688244,
    0.3586600290669335,
    0.3595099133650462
  ],
  "val_loss": [
    0.5441648778915406,
    0.47372510480880736,
    0.453979038476944,
    0.4594873423576355,
    0.4532318210601807,
    0.42651507949829104,
    0.4240915789604187,
    0.41529643034935,
    0.41024969053268434,
    0.405686687707901,
    0.40869921350479127,
    0.40036491060256957,
    0.400991316318512,
    0.40691605806350706,
    0.40368706560134887,
    0.3917978308200836,
    0.40830910634994505,
    0.4001002326011658,
    0.3892646260261536,
    0.39027780961990355,
    0.39143912529945374,
    0.3877707827091217,
    0.38811969542503355,
    0.3992747893333435,
    0.3831592671871185,
    0.38699431252479555,
    0.38550010275840757,
    0.41360503792762754,
    0.3828259916305542,
    0.3846381063461304,
    0.38918076157569886,
    0.3872571997642517,
    0.38720368123054505,
    0.38300771045684817,
    0.3844345278739929,
    0.38925199151039125,
    0.38251744842529295,
    0.4181021485328674,
    0.38776613473892213,
    0.38145585083961486,
    0.3849896023273468,
    0.3803618049621582,
    0.3832165036201477,
    0.38842197275161744,
    0.38559181022644046,
    0.416882618188858,
    0.38652925920486453,
    0.39081105756759643,
    0.38764816665649415,
    0.3813549847602844,
    0.39013769125938413,
    0.3814930119514465,
    0.3992442574501038,
    0.3838092432022095,
    0.3849815199375153,
    0.3857704274654388,
    0.3857798540592194,
    0.3852570605278015,
    0.3848001546859741,
    0.38276320695877075,
    0.3832578401565552,
    0.38623031282424924
  ],
  "train_acc": [
    0.683,
    0.7716111111111111,
    0.7850555555555555,
    0.797,
    0.8023333333333333,
    0.8075,
    0.8106666666666666,
    0.8150555555555555,
    0.8221666666666667,
    0.8234444444444444,
    0.8243333333333334,
    0.8260555555555555,
    0.8275555555555556,
    0.8274444444444444,
    0.8301666666666667,
    0.8307222222222223,
    0.8325,
    0.8322222222222222,
    0.8345555555555556,
    0.8355555555555556,
    0.8366111111111111,
    0.8372222222222222,
    0.8373333333333334,
    0.8357222222222223,
    0.8368888888888889,
    0.8383333333333334,
    0.8373888888888888,
    0.8394444444444444,
    0.8394444444444444,
    0.8405555555555555,
    0.8405555555555555,
    0.8405555555555555,
    0.8407222222222223,
    0.8425,
    0.8425,
    0.8396111111111111,
    0.8424444444444444,
    0.8417222222222223,
    0.8405,
    0.843,
    0.8423333333333334,
    0.8400555555555556,
    0.8423333333333334,
    0.8414444444444444,
    0.8407777777777777,
    0.8443333333333334,
    0.8425,
    0.8428333333333333,
    0.8423888888888889,
    0.8415,
    0.842,
    0.844,
    0.8456111111111111,
    0.8443333333333334,
    0.8448333333333333,
    0.8454444444444444,
    0.8440555555555556,
    0.8428333333333333,
    0.8432777777777778,
    0.8442777777777778,
    0.8436666666666667,
    0.8451666666666666
  ],
  "val_acc": [
    0.7765,
    0.7825,
    0.79,
    0.781,
    0.7925,
    0.809,
    0.8025,
    0.8105,
    0.817,
    0.8175,
    0.8215,
    0.8215,
    0.8235,
    0.8225,
    0.8205,
    0.8305,
    0.8275,
    0.82,
    0.837,
    0.829,
    0.83,
    0.827,
    0.836,
    0.8225,
    0.8345,
    0.837,
    0.839,
    0.813,
    0.8385,
    0.8385,
    0.83,
    0.8285,
    0.832,
    0.8365,
    0.833,
    0.827,
    0.836,
    0.8075,
    0.833,
    0.8345,
    0.838,
    0.8385,
    0.8385,
    0.832,
    0.8395,
    0.8225,
    0.833,
    0.8375,
    0.834,
    0.8315,
    0.8295,
    0.837,
    0.823,
    0.835,
    0.839,
    0.8305,
    0.8355,
    0.834,
    0.8365,
    0.832,
    0.8325,
    0.836
  ]
}