{
  "train_loss": [
    0.6907620815214969,
    0.6742934586164002,
    0.6634749991813356,
    0.6406496396220084,
    0.6453665222067351,
    0.6420054671468155,
    0.6280381831768165,
    0.623932624703424,
    0.6244129444378259,
    0.6112009260763728,
    0.6093843569154869,
    0.6024196911834097,
    0.5965500461776857,
    0.5904996182053259,
    0.5840965767833196,
    0.5735401925280514,
    0.5855838140275713,
    0.5722923339976808,
    0.5804631503867498,
    0.5691355521825316,
    0.5685258478862678,
    0.5633362503483371,
    0.5491096559502818,
    0.5533722528001698,
    0.5444879131174184,
    0.5403175753143686,
    0.5325479565693549,
    0.5278865335378704,
    0.5305679045654093,
    0.5236449287943896,
    0.5131744301501252,
    0.5121794638354691,
    0.5049625937036287,
    0.5018752521157918,
    0.48664244049802985,
    0.4886076380846376,
    0.4836707618436541,
    0.47939944991497735,
    0.4586189614400014,
    0.46515331515045255,
    0.45295442485713105,
    0.4318078159684577,
    0.4445511173638393,
    0.42296899279966654,
    0.42836608214727495,
    0.41751623438909097,
    0.3960801770550334,
    0.40534132402889594,
    0.3995121746147081,
    0.3935265184032982,
    0.37410696015367595,
    0.36417439216992187,
    0.35010657369935844,
    0.3790420307381829,
    0.31851890644084896,
    0.31788032448027176,
    0.31664729937073405,
    0.31692635667671143,
    0.28455927569615663,
    0.28328627316588867,
    0.28501952372321687,
    0.2731363318622129,
    0.26513576024751834,
    0.2609190176511986,
    0.2345208390606484,
    0.23275684484764697,
    0.25993826179949064,
    0.22275978912706504,
    0.24111944988571832,
    0.23210570476916997,
    0.1997004640775924,
    0.20461353720196662,
    0.20922522398469495,
    0.17792683231552248,
    0.1863559657075832,
    0.17243303013409755,
    0.17504543402578823,
    0.1649782261876972,
    0.15954266758418179,
    0.17561056812203354,
    0.1606857389486568,
    0.16364250325029472,
    0.16776263632866106,
    0.147803294820602,
    0.11862740906867696,
    0.15901092887107304,
    0.14618355101073774,
    0.16534167013978643,
    0.12849848412039577,
    0.12849389621867127,
    0.10917063983375812,
    0.0922032469965713,
    0.1075733224084103,
    0.12818557483193235,
    0.13711311462187362,
    0.12292112508650711,
    0.1385593436965512
  ],
  "val_loss": [
    0.6758139114875298,
    0.7122236731764559,
    0.7341016843721464,
    0.63442994774162,
    0.6516984979827682,
    0.6649695111559583,
    0.5993144920894078,
    0.6174023690161767,
    0.6459293817544912,
    0.733132841679957,
    0.6908560022131189,
    0.6003434800482416,
    0.6095130901832085,
    0.6378119022815258,
    0.6110731595522397,
    0.803090120290781,
    0.587196228720925,
    0.6040375876736331,
    0.587826022854099,
    0.6011234611659855,
    0.6294292189858176,
    0.5968245735416164,
    0.5981238340402578,
    0.5807378713186685,
    0.5916239676537451,
    0.5739571125476391,
    0.6036499252567044,
    0.5612257288647936,
    0.5739884234094,
    0.5720592851762648,
    0.5835522218184037,
    0.5449344851753929,
    0.6337316785539899,
    0.5424424809294862,
    0.5976151255818156,
    0.5852724180593118,
    0.6057511735272098,
    0.7694720032927278,
    0.5998943180232853,
    0.5383533124799852,
    0.5627912255076619,
    0.5632235861443854,
    0.6084975688488452,
    0.6789694216344264,
    0.5937696283513849,
    0.5401581627982003,
    0.5892778433762588,
    0.5657682344510958,
    0.5409982334483754,
    0.567160296749759,
    0.5310615675789969,
    0.647017426924272,
    0.5523845301046,
    0.5689650287875881,
    0.6443410526622425,
    0.5510153857144442,
    0.5143323378129439,
    0.602630597894842,
    0.6192051627419212,
    0.5804527022621848,
    0.5121685449179116,
    0.5748237832800135,
    0.5909899203808276,
    0.5768637793404715,
    0.5092667988368443,
    0.7584392894398082,
    0.6059037220942509,
    0.6310407762403613,
    0.5331800782835329,
    0.5697017620136211,
    0.6014447992498224,
    0.5118928686364904,
    0.533976663861956,
    0.6110255055613332,
    0.596236194263805,
    0.6724391788631291,
    0.4750341142926897,
    0.6599150323248529,
    0.5860502069646661,
    0.6676951024439428,
    1.511296576958198,
    0.7303772269905388,
    0.7089597330464945,
    0.6390268102868811,
    0.8116992702731839,
    0.7953939660803064,
    0.973604256766183,
    0.621104114086597,
    0.7545664502428724,
    0.7131720803000711,
    0.8373329459846793,
    0.8019592086990158,
    0.7104797165115159,
    0.9280331698330966,
    0.7167519755177684,
    0.7787125030121246,
    0.6982507284585532
  ],
  "train_acc": [
    0.5223407321994811,
    0.5802825021620064,
    0.5880657249927933,
    0.6281349091957337,
    0.639377342173537,
    0.6537907177861055,
    0.6500432401268377,
    0.6488901700778322,
    0.6442778898818103,
    0.6719515710579418,
    0.6607091380801383,
    0.6831940040357452,
    0.6935716344767945,
    0.697895647160565,
    0.7022196598443355,
    0.7097146151628712,
    0.700201787258576,
    0.7163447679446526,
    0.7134620928221389,
    0.7252810608244451,
    0.7241279907754397,
    0.7218218506774287,
    0.7437301816085328,
    0.7270106658979533,
    0.7480541942923032,
    0.7477659267800519,
    0.7497837993658115,
    0.7532430095128279,
    0.7483424618045547,
    0.7592966272701066,
    0.7621793023926203,
    0.7578552897088499,
    0.7641971749783799,
    0.7690977226866532,
    0.783799365811473,
    0.7791870856154511,
    0.7858172383972326,
    0.7794753531277026,
    0.7970596713750361,
    0.7985010089362928,
    0.8013836840588066,
    0.8083021043528394,
    0.8028250216200634,
    0.81262611703661,
    0.8129143845488613,
    0.823580282502162,
    0.8328048428942059,
    0.8247333525511675,
    0.8342461804554626,
    0.8460651484577688,
    0.8480830210435284,
    0.8518304987027961,
    0.8575958489478236,
    0.8449120784087634,
    0.8708561545113865,
    0.8705678869991352,
    0.8699913519746325,
    0.8725857595848948,
    0.8895935428077256,
    0.8918996829057365,
    0.8849812626117036,
    0.8999711732487748,
    0.8950706255405015,
    0.8973767656385125,
    0.9103488036898242,
    0.907177861055059,
    0.8993946382242721,
    0.9143845488613433,
    0.9091957336408186,
    0.9115018737388296,
    0.9233208417411358,
    0.9247621793023926,
    0.9262035168636494,
    0.9380224848659556,
    0.9334102046699337,
    0.9406168924762179,
    0.9331219371576823,
    0.9397520899394638,
    0.9429230325742289,
    0.9368694148169501,
    0.9458057076967425,
    0.9368694148169501,
    0.9377342173537042,
    0.9481118477947535,
    0.957048140674546,
    0.9481118477947535,
    0.95157105794177,
    0.9426347650619775,
    0.9509945229172673,
    0.952435860478524,
    0.9610838858460652,
    0.9720380513116171,
    0.9645430959930816,
    0.9584894782358028,
    0.9466705102334967,
    0.9527241279907754,
    0.9530123955030269
  ],