{
  "train_loss": [
    0.6261377780702378,
    0.5952412559721205,
    0.5848545341491699,
    0.5748929160965813,
    0.5695181079970466,
    0.5526302953296237,
    0.5451845763259464,
    0.5396572036743164,
    0.5383659474584791,
    0.533991911093394,
    0.5339390889803568,
    0.5300529144075182,
    0.5266924255159167,
    0.5278365075853135,
    0.5260297230084737,
    0.525268999973933,
    0.5201742479536269,
    0.5188427443504333,
    0.5188116314146254,
    0.5200045736895668,
    0.5137407463656531,
    0.5093790100680458,
    0.5138005403942532,
    0.5091781898604499,
    0.5094456064701081,
    0.504401482158237,
    0.5072477948930528,
    0.5030930196179284,
    0.5043337631225586,
    0.49926290527979533,
    0.5015655364460415,
    0.5004771869447496,
    0.4973175269762675,
    0.49424680937661064,
    0.4949427251815796,
    0.4943672189182705,
    0.4897281820244259,
    0.4879549806382921,
    0.48254258664449057
  ],
  "val_loss": [
    0.6506281685829163,
    0.5844490427970886,
    0.5625905637741089,
    0.6281676177978516,
    0.587115948677063,
    0.5668381180763244,
    0.507497707605362,
    0.6637910203933716,
    0.5586582999229431,
    0.5288599920272827,
    0.509027105808258,
    0.5007545516490937,
    0.5037212121486664,
    0.5428965716362,
    0.5315426173210144,
    0.5011012971401214,
    0.5108584349155426,
    0.5269334914684296,
    0.4884674322605133,
    0.4981938350200653,
    0.4884930212497711,
    0.4915884385108948,
    0.4955231041908264,
    0.49618406128883363,
    0.49303562951087954,
    0.4947881870269775,
    0.493979248046875,
    0.49272413325309755,
    0.49799391961097716,
    0.49554457640647886,
    0.5060007789134979,
    0.49304895997047427,
    0.49747740387916567,
    0.5083755879402161,
    0.49272911810874936,
    0.4987818033695221,
    0.515889812707901,
    0.4959342350959778,
    0.493716032743454
  ],
  "train_acc": [
    0.6606111111111111,
    0.6922777777777778,
    0.7023888888888888,
    0.709,
    0.7173333333333334,
    0.7277222222222223,
    0.7326111111111111,
    0.7385555555555555,
    0.7420555555555556,
    0.7467777777777778,
    0.7457777777777778,
    0.7476111111111111,
    0.7497777777777778,
    0.7505555555555555,
    0.7513888888888889,
    0.7507222222222222,
    0.7607222222222222,
    0.7552777777777778,
    0.7555555555555555,
    0.7540555555555556,
    0.7567222222222222,
    0.7626666666666667,
    0.7597777777777778,
    0.7633333333333333,
    0.763,
    0.7630555555555556,
    0.7606111111111111,
    0.7636666666666667,
    0.7653333333333333,
    0.7678888888888888,
    0.7649444444444444,
    0.7669444444444444,
    0.7727222222222222,
    0.7712222222222223,
    0.7723888888888889,
    0.775,
    0.7751666666666667,
    0.7741111111111111,
    0.7783888888888889
  ],
  "val_acc": [
    0.617,
    0.6925,
    0.7065,
    0.668,
    0.6905,
    0.711,
    0.7515,
    0.7045,
    0.7295,
    0.7445,
    0.745,
    0.7525,
    0.7495,
    0.7385,
    0.7175,
    0.757,
    0.7465,
    0.7365,
    0.7555,
    0.758,
    0.767,
    0.7575,
    0.7635,
    0.766,
    0.764,
    0.7615,
    0.7555,
    0.7695,
    0.754,
    0.7705,
    0.745,
    0.754,
    0.758,
    0.7555,
    0.7675,
    0.7595,
    0.758,
    0.7605,
    0.7655
  ]
}