{
  "train_loss": [
    0.5290729726155599,
    0.4759579759968652,
    0.4568033793767293,
    0.45041297947035897,
    0.4450772986412048,
    0.4326828621758355,
    0.42490805406040616,
    0.42086385321617126,
    0.4187470911608802,
    0.4149177611933814,
    0.4108830406665802,
    0.4057186419963837,
    0.4093343479633331,
    0.3992300954129961,
    0.402673656211959,
    0.39788580105039806,
    0.3923535083134969,
    0.39051896023750304,
    0.3898788097964393,
    0.3892848579486211,
    0.3916514469252692,
    0.3872656395700243,
    0.3859900750848982,
    0.3826860237121582,
    0.3829954181512197,
    0.3781992990705702,
    0.3774571641551124,
    0.3734509345955319,
    0.3710662148793538,
    0.3681809908548991,
    0.3727550213336945,
    0.36821014046669004,
    0.3637567684120602,
    0.3594206601778666,
    0.3574553542137146,
    0.35909754649798076,
    0.3534083366658953,
    0.3558628894488017,
    0.354648577425215,
    0.3472664357821147,
    0.34231074561013114,
    0.34463212294048734,
    0.3418515060742696,
    0.33444805223411983,
    0.3345639255974028,
    0.3387043071322971,
    0.3279475893709395,
    0.32717219830883876,
    0.3226557345787684,
    0.31291131354702845,
    0.3155712184376187,
    0.30721641919347975,
    0.30432648479938507
  ],
  "val_loss": [
    0.7925710997581482,
    0.7848904948234559,
    0.40974741649627683,
    0.4344031357765198,
    0.40801778984069825,
    1.4480693197250367,
    0.4052896192073822,
    0.42264588713645934,
    0.4319571211338043,
    0.44105176043510436,
    0.3981206567287445,
    0.38189268231391904,
    0.5492207887172699,
    0.4003009641170502,
    0.3825190212726593,
    0.3828658318519592,
    0.48083995628356935,
    0.3839072976112366,
    0.387688586473465,
    0.3775633707046509,
    0.3825803506374359,
    0.3843906993865967,
    0.3992159688472748,
    0.3854212872982025,
    0.3911676390171051,
    0.3821188523769379,
    0.3784058995246887,
    0.40486294078826907,
    0.38174075293540954,
    0.39309238028526305,
    0.39894577431678774,
    0.3761524848937988,
    0.3754841506481171,
    0.3939214611053467,
    0.37845466208457945,
    0.39593156790733336,
    0.4084146003723145,
    0.4419624297618866,
    0.39329686522483825,
    0.40367751955986025,
    0.395171701669693,
    0.39507386660575866,
    0.3983354322910309,
    0.3910008873939514,
    0.398529527425766,
    0.39455581283569335,
    0.4883472902774811,
    0.4218986036777496,
    0.39726180624961854,
    0.414612514257431,
    0.41289647173881533,
    0.40540476870536807,
    0.4262230517864227
  ],
  "train_acc": [
    0.7568888888888889,
    0.7917222222222222,
    0.798,
    0.8016111111111112,
    0.8085555555555556,
    0.814,
    0.8168333333333333,
    0.8199444444444445,
    0.824,
    0.8203888888888888,
    0.8250555555555555,
    0.8248888888888889,
    0.8257222222222222,
    0.8279444444444445,
    0.8308888888888889,
    0.8283888888888888,
    0.8282777777777778,
    0.8293888888888888,
    0.8336666666666667,
    0.8338888888888889,
    0.8363888888888888,
    0.8371111111111111,
    0.8385,
    0.8366111111111111,
    0.8410555555555556,
    0.8418333333333333,
    0.8408888888888889,
    0.8420555555555556,
    0.844,
    0.8489444444444444,
    0.8447777777777777,
    0.8429444444444445,
    0.8473333333333334,
    0.8474444444444444,
    0.8519444444444444,
    0.8513333333333334,
    0.8511666666666666,
    0.8538888888888889,
    0.8515555555555555,
    0.8592777777777778,
    0.8597222222222223,
    0.8611666666666666,
    0.8596666666666667,
    0.8611111111111112,
    0.8611111111111112,
    0.8591666666666666,
    0.8668888888888889,
    0.8661666666666666,
    0.869,
    0.8730555555555556,
    0.8728333333333333,
    0.8777777777777778,
    0.8782777777777778
  ],
  "val_acc": [
    0.5885,
    0.653,
    0.815,
    0.819,
    0.827,
    0.588,
    0.8195,
    0.8065,
    0.7965,
    0.7895,
    0.825,
    0.836,
    0.778,
    0.822,
    0.8435,
    0.8365,
    0.745,
    0.8415,
    0.8315,
    0.832,
    0.831,
    0.836,
    0.83,
    0.8335,
    0.831,
    0.838,
    0.839,
    0.8125,
    0.835,
    0.8305,
    0.832,
    0.8455,
    0.843,
    0.8355,
    0.836,
    0.824,
    0.817,
    0.8135,
    0.8375,
    0.8305,
    0.8335,
    0.8295,
    0.823,
    0.8285,
    0.826,
    0.833,
    0.7995,
    0.833,
    0.829,
    0.836,
    0.8315,
    0.8185,
    0.823
  ]
}