{
  "train_loss": [
    0.6412788030836317,
    0.38959651986757915,
    0.2577232356733746,
    0.21217870087093776,
    0.19219258107741674,
    0.17924494508239958,
    0.17351244248284234,
    0.16871192085080677,
    0.16483629687958293,
    0.1620295997493797,
    0.15881371494465404,
    0.15761395783556834,
    0.1557567842668957,
    0.15383173557453686,
    0.15424479118651813,
    0.15289630382590824,
    0.15149845457077027,
    0.15026990002393723,
    0.14969515078100892,
    0.14829908133546513,
    0.14942417573597697,
    0.1474708668026659,
    0.14784931348760924,
    0.14690467743410004,
    0.14597242291768392,
    0.1445521841380331,
    0.14476497631602817,
    0.14444362189041243,
    0.1439357689138916,
    0.14271946237650182,
    0.14314216080970235,
    0.1432000273598565,
    0.14137811142868467,
    0.141113710368673,
    0.142800645450751,
    0.1406129419936074,
    0.1402776705390877,
    0.14004017252557807,
    0.13906823722024758,
    0.1392032193177276,
    0.13798021352622244,
    0.1372567780415217,
    0.13760910979244445,
    0.1375977719111575,
    0.13786053975754314,
    0.13737999908791648,
    0.13687406589256393,
    0.13781516740057204,
    0.1360726696782642,
    0.13690290100375813,
    0.13526789682441287,
    0.13575992096629408,
    0.13614662294917637,
    0.13470346732106472,
    0.13459676293697623,
    0.1338746523178286,
    0.13416042104860146
  ],
  "val_loss": [
    0.5273226218223572,
    0.29996332693099975,
    0.23577653110027313,
    0.2102826383113861,
    0.19787847661972047,
    0.18855081975460053,
    0.18705074799060822,
    0.18212162387371064,
    0.17962541902065277,
    0.17854878127574922,
    0.18422862601280213,
    0.17798276269435884,
    0.17885890305042268,
    0.17828990948200227,
    0.18396015441417693,
    0.17603873884677887,
    0.17656463420391083,
    0.17611384117603301,
    0.17614571106433868,
    0.1768820618391037,
    0.17815796506404877,
    0.17853812456130982,
    0.1746334981918335,
    0.1763589483499527,
    0.17479724752902984,
    0.17794751513004303,
    0.17642719358205794,
    0.17950099939107894,
    0.18036722552776335,
    0.17632448399066925,
    0.17451978182792663,
    0.1782370264530182,
    0.17543081426620483,
    0.18867708349227905,
    0.18249677002429962,
    0.17754656559228896,
    0.17448545652627945,
    0.17555036634206772,
    0.17887808740139008,
    0.17573314225673675,
    0.1759256374835968,
    0.17529371762275694,
    0.17926709163188934,
    0.18214651930332185,
    0.18053385436534883,
    0.1890543447136879,
    0.18273762172460556,
    0.17874357163906096,
    0.17911420571804046,
    0.17560371088981627,
    0.17550625586509705,
    0.17930545020103456,
    0.17783593106269838,
    0.18580732882022857,
    0.17639231491088866,
    0.1822058447599411,
    0.17746015787124633
  ],
  "train_acc": [
    0.6936666666666667,
    0.9142222222222223,
    0.9248333333333333,
    0.9321111111111111,
    0.9355,
    0.9366111111111111,
    0.9376666666666666,
    0.9379444444444445,
    0.9396666666666667,
    0.9394444444444444,
    0.9397222222222222,
    0.9403888888888889,
    0.9412777777777778,
    0.9421111111111111,
    0.9411111111111111,
    0.941,
    0.9423333333333334,
    0.9417222222222222,
    0.9432222222222222,
    0.943,
    0.9424444444444444,
    0.9442777777777778,
    0.9432222222222222,
    0.9428888888888889,
    0.9445,
    0.9454444444444444,
    0.943,
    0.944,
    0.9437222222222222,
    0.9447777777777778,
    0.9455555555555556,
    0.9439444444444445,
    0.9462222222222222,
    0.9459444444444445,
    0.9457222222222222,
    0.9469444444444445,
    0.9458333333333333,
    0.9466666666666667,
    0.9474444444444444,
    0.9464444444444444,
    0.9463333333333334,
    0.9468888888888889,
    0.9464444444444444,
    0.9467222222222222,
    0.9473333333333334,
    0.948,
    0.9463333333333334,
    0.9468333333333333,
    0.9479444444444445,
    0.9474444444444444,
    0.9491666666666667,
    0.9473333333333334,
    0.9469444444444445,
    0.9466111111111111,
    0.9483333333333334,
    0.9483888888888888,
    0.9478333333333333
  ],
  "val_acc": [
    0.886,
    0.917,
    0.9275,
    0.9295,
    0.9295,
    0.93,
    0.931,
    0.931,
    0.933,
    0.934,
    0.9305,
    0.9325,
    0.935,
    0.9295,
    0.925,
    0.9335,
    0.9345,
    0.9365,
    0.937,
    0.9325,
    0.9345,
    0.9325,
    0.934,
    0.932,
    0.939,
    0.934,
    0.9305,
    0.9325,
    0.9335,
    0.931,
    0.9355,
    0.938,
    0.9345,
    0.9315,
    0.927,
    0.9325,
    0.933,
    0.934,
    0.934,
    0.9345,
    0.9335,
    0.933,
    0.932,
    0.929,
    0.932,
    0.928,
    0.9295,
    0.932,
    0.9355,
    0.934,
    0.932,
    0.934,
    0.9325,
    0.932,
    0.931,
    0.9325,
    0.9325
  ]
}