{
  "train_loss": [
    0.5637996207343208,
    0.2759564875364304,
    0.19725273065434562,
    0.1723223876953125,
    0.16344659310248164,
    0.15867295963896647,
    0.15511433834499783,
    0.1536814720266395,
    0.15089526758260197,
    0.1494251564575566,
    0.15024335011839868,
    0.14716492481033008,
    0.1474235909316275,
    0.14737896451933516,
    0.1459167640076743,
    0.14394948633843,
    0.14386709310279952,
    0.14221541632215182,
    0.14142961441808277,
    0.14190640347533756,
    0.14120701544317935,
    0.13928843550218475,
    0.13850340477294393,
    0.13806375493274795,
    0.1369941052628888,
    0.13697695516712136,
    0.1349408516784509,
    0.13394036960601807,
    0.13308337802191575,
    0.12980319789052008,
    0.12851117141048113,
    0.1252276542203294,
    0.12267094301184019,
    0.11832822952005598,
    0.11642236205852693,
    0.11378739138444265,
    0.11052494426899487,
    0.10940370058351093,
    0.10738195936878522,
    0.1049356567942434,
    0.10285330755511919,
    0.10103969506753815,
    0.09932357562747267,
    0.10006554741081264,
    0.09622925861345397,
    0.0982804115580188,
    0.09644923387964567,
    0.0949416232307752,
    0.0932317769014173,
    0.09315659399413401,
    0.09084301686286926,
    0.09142927921149466,
    0.08946635731889142,
    0.09132080750001802,
    0.08933126631379128,
    0.08891908078889052,
    0.08869958387315273,
    0.08865068979064623,
    0.08722679709477557,
    0.08847709046883716,
    0.08620612866100338,
    0.08582062025616566,
    0.08612081726309326,
    0.08589315226342943,
    0.08430675387879212,
    0.08511462256726292,
    0.08513055733384357,
    0.08488989343494177,
    0.08499384927045968,
    0.08366825610523422,
    0.08292053545018037,
    0.08232570920553473,
    0.08178973687729901,
    0.08155469698003597,
    0.08115516547279225,
    0.08164527878082461,
    0.08107378779061966,
    0.0806799399430553,
    0.0800676303886705,
    0.08073224194140897,
    0.07889238873951965,
    0.07909769556629989,
    0.07956059284363357,
    0.077738305978477,
    0.07801553219970729,
    0.07719578953915172,
    0.07718875778425072,
    0.07840674562007188
  ],
  "val_loss": [
    0.3678722290992737,
    0.22394017386436463,
    0.17645266664028167,
    0.17215453100204467,
    0.1495345582962036,
    0.15489708286523818,
    0.1467539471387863,
    0.1595765362381935,
    0.14269347023963927,
    0.16416578578948976,
    0.1416090761423111,
    0.14018329238891603,
    0.1428244572877884,
    0.15939701998233796,
    0.15322207647562028,
    0.1383382140994072,
    0.1394325355887413,
    0.14507448869943618,
    0.1526360486149788,
    0.1394307228922844,
    0.1450124933719635,
    0.13850624305009843,
    0.14076591378450393,
    0.1376992770433426,
    0.14347253358364107,
    0.1380739884376526,
    0.13765790647268294,
    0.15047937369346617,
    0.13046061992645264,
    0.12916541385650634,
    0.125546226978302,
    0.12460694181919098,
    0.12214082556962967,
    0.1231027883887291,
    0.12110721176862717,
    0.12160454732179642,
    0.12117289426922798,
    0.1107716588973999,
    0.1135684609413147,
    0.11288377219438553,
    0.10416345274448395,
    0.1035015304684639,
    0.10281446322798729,
    0.10739341579377651,
    0.11682455199956894,
    0.10191931128501892,
    0.09965069714188576,
    0.10820508149266243,
    0.1025064248740673,
    0.10410401231050491,
    0.10274244621396064,
    0.10057151865959167,
    0.10097413516044616,
    0.09867350196838379,
    0.09800553406774998,
    0.0975234355032444,
    0.1023555283844471,
    0.10091814577579498,
    0.10109983499348163,
    0.09676235865056515,
    0.10204068559408187,
    0.10315138763189316,
    0.10082500663399696,
    0.09757519441843032,
    0.09570595842599869,
    0.09615173098444939,
    0.09542927235364913,
    0.0930990542024374,
    0.10494739863276481,
    0.11022806924581528,
    0.09790738746523857,
    0.10055271643400192,
    0.1051425606906414,
    0.09526343569159508,
    0.09930565056204796,
    0.10381475496292114,
    0.09396591272950172,
    0.09899238577485084,
    0.10644566562771797,
    0.10453249189257621,
    0.10154646897315979,
    0.09602437470853328,
    0.09598242941498757,
    0.09642470702528953,
    0.09595848919451237,
    0.09805348238348961,
    0.09642464154958726,
    0.10281952342391014
  ],
  "train_acc": [
    0.7840555555555555,
    0.9235555555555556,
    0.935,
    0.9389444444444445,
    0.939,
    0.9381666666666667,
    0.9407222222222222,
    0.9408888888888889,
    0.9416111111111111,
    0.9428333333333333,
    0.943,
    0.9438888888888889,
    0.9440555555555555,
    0.943,
    0.9435555555555556,
    0.9438333333333333,
    0.9454444444444444,
    0.9461666666666667,
    0.9463888888888888,
    0.946,
    0.9452222222222222,
    0.9475555555555556,
    0.9470555555555555,
    0.9472777777777778,
    0.9472777777777778,
    0.9482777777777778,
    0.9482777777777778,
    0.9487777777777778,
    0.9492777777777778,
    0.9508333333333333,
    0.9526111111111111,
    0.9527777777777777,
    0.9544444444444444,
    0.9565,
    0.9568888888888889,
    0.9591666666666666,
    0.9595,
    0.9604444444444444,
    0.9608333333333333,
    0.9618333333333333,
    0.962,
    0.9637777777777777,
    0.9628333333333333,
    0.9631111111111111,
    0.9650555555555556,
    0.9636666666666667,
    0.9647222222222223,
    0.9648888888888889,
    0.9666111111111111,
    0.9651666666666666,
    0.9673888888888889,
    0.9666666666666667,
    0.9680555555555556,
    0.9662222222222222,
    0.9663888888888889,
    0.9667222222222223,
    0.9672777777777778,
    0.9672777777777778,
    0.9665,
    0.9672222222222222,
    0.9686111111111111,
    0.9668333333333333,
    0.9688888888888889,
    0.9686111111111111,
    0.9697777777777777,
    0.9685,
    0.9683333333333334,
    0.9677222222222223,
    0.9683333333333334,
    0.9697777777777777,
    0.9687777777777777,
    0.9690555555555556,
    0.9688888888888889,
    0.9699444444444445,
    0.9697777777777777,
    0.9705555555555555,
    0.9696666666666667,
    0.9698333333333333,
    0.9694444444444444,
    0.9699444444444445,
    0.9701666666666666,
    0.9703333333333334,
    0.9713333333333334,
    0.9716666666666667,
    0.9712777777777778,
    0.9716111111111111,
    0.9715555555555555,
    0.9707222222222223
  ],
  "val_acc": [
    0.93,
    0.9345,
    0.938,
    0.943,
    0.946,
    0.9455,
    0.9465,
    0.94,
    0.9475,
    0.941,
    0.946,
    0.9455,
    0.946,
    0.941,
    0.945,
    0.947,
    0.947,
    0.948,
    0.9485,
    0.947,
    0.945,
    0.948,
    0.948,
    0.9485,
    0.9495,
    0.9485,
    0.9455,
    0.9415,
    0.9495,
    0.95,
    0.949,
    0.9515,
    0.952,
    0.9515,
    0.9505,
    0.953,
    0.954,
    0.957,
    0.955,
    0.956,
    0.9595,
    0.9595,
    0.9615,
    0.96,
    0.954,
    0.961,
    0.959,
    0.952,
    0.9585,
    0.957,
    0.9605,
    0.964,
    0.961,
    0.962,
    0.962,
    0.964,
    0.9605,
    0.9615,
    0.9605,
    0.9625,
    0.963,
    0.959,
    0.961,
    0.9655,
    0.9675,
    0.9655,
    0.9645,
    0.9645,
    0.962,
    0.958,
    0.964,
    0.9635,
    0.9595,
    0.9665,
    0.9645,
    0.961,
    0.964,
    0.9635,
    0.964,
    0.9625,
    0.962,
    0.965,
    0.9655,
    0.9645,
    0.9635,
    0.964,
    0.9645,
    0.9605
  ]
}