{
  "train_loss": [
    0.6687902000215319,
    0.5577258556683858,
    0.49063343760702344,
    0.46546697907977636,
    0.4551309328609043,
    0.44984205794334414,
    0.44595131283336215,
    0.44472567918565536,
    0.44221551852756075,
    0.44234204006195066,
    0.4406782171726227,
    0.4389452310933007,
    0.43888413786888125,
    0.43914122920566134,
    0.43834564185142516,
    0.43753349918789336,
    0.4370335383680132,
    0.4365409226682451,
    0.43643593819936116,
    0.43572937644852533,
    0.4343689227898916,
    0.4338583116531372,
    0.4323410250875685,
    0.4318342951933543,
    0.42957411342196994,
    0.42882074647479584,
    0.42621938180923463,
    0.42545002314779495,
    0.42351979711320664,
    0.42280137575997245,
    0.4202638358804915,
    0.4201040918827057,
    0.41892706526650325,
    0.4180223226812151,
    0.4170452376736535,
    0.4147738644546933,
    0.41491141234503853,
    0.41384888143009607,
    0.4124313160843319,
    0.41083106803894043,
    0.41105665516853335,
    0.4095937144491408,
    0.40873993213971455,
    0.4098226491610209,
    0.40836085655954146,
    0.4076849190923903,
    0.40671994590759275,
    0.40663383547465004,
    0.4046766735182868,
    0.4043833971818288,
    0.4035190940697988,
    0.404298462788264,
    0.4029804818365309,
    0.4030582063727909,
    0.4007614132828183,
    0.40045209860801695
  ],
  "val_loss": [
    0.6085669946670532,
    0.5096900224685669,
    0.46508089065551755,
    0.4602262578010559,
    0.44294707918167114,
    0.4422751576900482,
    0.4522621202468872,
    0.43534863042831423,
    0.43531704545021055,
    0.43466863298416136,
    0.4330459496974945,
    0.4405228610038757,
    0.43513198804855346,
    0.43666739416122435,
    0.4401966998577118,
    0.4318842041492462,
    0.4518739640712738,
    0.4311134161949158,
    0.43583311891555787,
    0.4407674696445465,
    0.43449034428596495,
    0.4302710213661194,
    0.43079482316970824,
    0.43047519540786744,
    0.43147469592094423,
    0.42705316638946533,
    0.4386843123435974,
    0.4322665591239929,
    0.42403766560554507,
    0.4264113473892212,
    0.43232187366485597,
    0.42313822889328,
    0.42568239831924437,
    0.42558004331588745,
    0.42487324714660646,
    0.42302903747558596,
    0.42500403070449827,
    0.42877329635620115,
    0.4278572015762329,
    0.43004470252990723,
    0.4253756613731384,
    0.4300803027153015,
    0.43445794343948363,
    0.4307103898525238,
    0.42555258893966674,
    0.4289518728256226,
    0.42985320496559143,
    0.4283973431587219,
    0.42834098958969113,
    0.42738193869590757,
    0.44334236764907836,
    0.43329561042785647,
    0.4283569188117981,
    0.43179579710960386,
    0.4405068545341492,
    0.4307309148311615
  ],
  "train_acc": [
    0.6280555555555556,
    0.7706666666666667,
    0.7817777777777778,
    0.7836111111111111,
    0.7845,
    0.7869444444444444,
    0.7873333333333333,
    0.7902222222222223,
    0.7902777777777777,
    0.7913333333333333,
    0.7912222222222223,
    0.7912777777777777,
    0.7937222222222222,
    0.7912777777777777,
    0.7915555555555556,
    0.7933888888888889,
    0.7925,
    0.7923888888888889,
    0.794,
    0.7946111111111112,
    0.7952222222222223,
    0.7948888888888889,
    0.7956111111111112,
    0.7997222222222222,
    0.7986666666666666,
    0.7986111111111112,
    0.7996666666666666,
    0.8009444444444445,
    0.8030555555555555,
    0.8041111111111111,
    0.8056111111111111,
    0.8055,
    0.806,
    0.8070555555555555,
    0.8079444444444445,
    0.8068888888888889,
    0.8072222222222222,
    0.8087222222222222,
    0.81,
    0.8107777777777778,
    0.8092777777777778,
    0.8091111111111111,
    0.8113888888888889,
    0.8096666666666666,
    0.8093333333333333,
    0.8095,
    0.8102777777777778,
    0.8127222222222222,
    0.8103333333333333,
    0.8107222222222222,
    0.8127222222222222,
    0.8111111111111111,
    0.8143333333333334,
    0.8114444444444444,
    0.8132777777777778,
    0.8127777777777778
  ],
  "val_acc": [
    0.78,
    0.7755,
    0.792,
    0.7765,
    0.794,
    0.795,
    0.7785,
    0.7995,
    0.797,
    0.799,
    0.7975,
    0.7905,
    0.7985,
    0.799,
    0.7965,
    0.8015,
    0.788,
    0.802,
    0.7955,
    0.793,
    0.795,
    0.7975,
    0.797,
    0.7965,
    0.8005,
    0.7985,
    0.7925,
    0.792,
    0.803,
    0.799,
    0.7995,
    0.804,
    0.8035,
    0.798,
    0.8065,
    0.797,
    0.806,
    0.7995,
    0.8025,
    0.7965,
    0.7965,
    0.796,
    0.7965,
    0.8015,
    0.8035,
    0.804,
    0.8,
    0.799,
    0.804,
    0.8055,
    0.784,
    0.794,
    0.8,
    0.8005,
    0.795,
    0.8025
  ]
}