{
  "train_loss": [
    0.38928876464896733,
    0.22700457510683272,
    0.1715585051510069,
    0.14239181773033407,
    0.13650702440738677,
    0.13014909516192144,
    0.1190564672410902,
    0.11094808259523577,
    0.10804455548773209,
    0.10352514745170871,
    0.0987482376543598,
    0.09829387373725573,
    0.09827299340441822,
    0.0888691968092074,
    0.09366973590105772,
    0.08803818425577548,
    0.07962993512809691,
    0.08045612142276433,
    0.07964424369318618,
    0.07913614702017771,
    0.07501880337823079,
    0.07665082262487462,
    0.06853725233984491,
    0.07097827892750502,
    0.06278228336011267,
    0.06557204001003669,
    0.06192840291942573,
    0.06341241175541654,
    0.06265614365161552,
    0.06137519438585473,
    0.05961602526716888,
    0.05640430791329386,
    0.05499021873550697,
    0.05401797240812124,
    0.04794069776571511,
    0.04665365624091161,
    0.058660449972557316,
    0.04988703514194478,
    0.05291259304549829,
    0.04804412021908502,
    0.053573100408070076,
    0.04890846303248933,
    0.0400757451622202,
    0.0433852798099138,
    0.04195122755106624,
    0.04336492433096282,
    0.036343521642901055,
    0.047714867053969,
    0.04388459216448892,
    0.04683178651078035,
    0.039817165579996074,
    0.037339999976482685,
    0.04342036640405907,
    0.033691753189646255,
    0.048777448301122704,
    0.03750784715922014,
    0.0347762369839515,
    0.025676805579832405,
    0.03554148072740827,
    0.032160609452913734,
    0.03784467055308768,
    0.0248603282712615
  ],
  "val_loss": [
    2.164514247894287,
    4.015790649414063,
    2.186061071395874,
    3.636783800125122,
    1.1902654190063477,
    2.9950131072998047,
    3.620143934249878,
    3.375146499633789,
    4.168696792602539,
    4.656360603332519,
    4.185559810638428,
    6.1237911643981935,
    3.0130598220825195,
    1.5217479772567748,
    4.021357360839843,
    4.349248565673828,
    4.5048534965515135,
    2.714741823196411,
    0.2920616979598999,
    4.656092746734619,
    6.460896724700928,
    3.2340004043579103,
    0.1759023755788803,
    5.139695190429688,
    15.370792556762696,
    3.155917881011963,
    0.2890333199501038,
    1.9557176971435546,
    7.1841220397949215,
    1.4377268934249878,
    1.7110002765655516,
    2.3273309574127197,
    0.35981277394294736,
    1.151592017173767,
    0.9864428610801697,
    0.31844519686698913,
    18.415202301025392,
    0.7479819312095642,
    27.179257217407226,
    0.9710302467346191,
    0.5900402317047119,
    0.08409824168682098,
    0.8222965359687805,
    0.4546467261314392,
    2.961425542831421,
    7.687119400024414,
    0.8190908622741699,
    6.607910682678223,
    4.9391205101013185,
    25.41288328552246,
    7.575095756530762,
    16.678350860595703,
    7.839598892211914,
    0.5191109838485718,
    2.0595292806625367,
    2.709271287918091,
    10.056846336364746,
    9.860551895141601,
    0.21704947471618652,
    3.3625261840820313,
    0.3128173613548279,
    0.4028415433913469
  ],
  "train_acc": [
    0.8286666666666667,
    0.9294444444444444,
    0.9491666666666667,
    0.9575555555555556,
    0.9597777777777777,
    0.9612777777777778,
    0.9662777777777778,
    0.9682222222222222,
    0.9682777777777778,
    0.9703888888888889,
    0.9706666666666667,
    0.9708333333333333,
    0.9717777777777777,
    0.9752777777777778,
    0.9736666666666667,
    0.9736666666666667,
    0.9771111111111112,
    0.9762222222222222,
    0.978,
    0.9781111111111112,
    0.9790555555555556,
    0.9785,
    0.9791111111111112,
    0.9783888888888889,
    0.9810555555555556,
    0.9801666666666666,
    0.9820555555555556,
    0.9804444444444445,
    0.9813888888888889,
    0.9835,
    0.9826666666666667,
    0.9835,
    0.9843333333333333,
    0.9839444444444444,
    0.9849444444444444,
    0.9861666666666666,
    0.9813888888888889,
    0.9852222222222222,
    0.9840555555555556,
    0.9858888888888889,
    0.9835555555555555,
    0.9859444444444444,
    0.9877222222222222,
    0.987,
    0.9878888888888889,
    0.9868888888888889,
    0.9876111111111111,
    0.9851666666666666,
    0.9861111111111112,
    0.9846666666666667,
    0.9862777777777778,
    0.9873333333333333,
    0.9863888888888889,
    0.9883888888888889,
    0.9838888888888889,
    0.9864444444444445,
    0.9889444444444444,
    0.9921111111111112,
    0.9884444444444445,
    0.9897777777777778,
    0.9876111111111111,
    0.9921666666666666
  ],
  "val_acc": [
    0.4965,
    0.4965,
    0.572,
    0.496,
    0.651,
    0.4975,
    0.4965,
    0.4965,
    0.501,
    0.535,
    0.561,
    0.5045,
    0.604,
    0.4965,
    0.616,
    0.624,
    0.54,
    0.651,
    0.8805,
    0.4965,
    0.4985,
    0.662,
    0.928,
    0.5385,
    0.4965,
    0.5955,
    0.87,
    0.641,
    0.5375,
    0.508,
    0.5105,
    0.6965,
    0.8745,
    0.6635,
    0.664,
    0.9025,
    0.508,
    0.7905,
    0.5475,
    0.6965,
    0.8885,
    0.97,
    0.703,
    0.888,
    0.508,
    0.649,
    0.8775,
    0.663,
    0.72,
    0.496,
    0.67,
    0.4965,
    0.627,
    0.9305,
    0.597,
    0.5145,
    0.5035,
    0.5035,
    0.934,
    0.569,
    0.904,
    0.9755
  ]
}