{
  "train_loss": [
    0.38457867268721263,
    0.20891782431470024,
    0.17305911551747058,
    0.13669650226997004,
    0.1158878368727035,
    0.11258867031004693,
    0.10655931933555338,
    0.09132171611974223,
    0.1028144764320718,
    0.08337152188892166,
    0.07873827862863739,
    0.07424543199667501,
    0.08351832764926884,
    0.06778809239384201,
    0.0737774119772431,
    0.06760889618766183,
    0.06478010945999994,
    0.05769932746897555,
    0.05896154146346574,
    0.05516673016709845,
    0.05913192036903153,
    0.05391918968339451,
    0.04666816318089453,
    0.048945591350739254,
    0.04481782145099714,
    0.05441713373943316,
    0.044836287034054595,
    0.0454062541915272,
    0.0483824726247953,
    0.06538895480642612,
    0.04380051731680416,
    0.048928187569021245,
    0.04022433115581064,
    0.03788864418537701,
    0.040008634409443605,
    0.044781992718635595,
    0.04239143078793778,
    0.04114509615747051,
    0.03689180020853301,
    0.044148144451581176,
    0.04364611122774093,
    0.029598506874728224,
    0.03426838165276038,
    0.032019695338527124,
    0.040757302163528845,
    0.041449370268503316,
    0.02924740684726554,
    0.029934005388217177,
    0.023220273165869595,
    0.03106338807279124,
    0.0285973724456352,
    0.03075660340652543,
    0.024424633923071724,
    0.02922215295083423,
    0.021552607035097822,
    0.0353129704342532,
    0.0308677354595684
  ],
  "val_loss": [
    1.9966277389526368,
    2.3942271480560304,
    3.778268264770508,
    3.6668381690979004,
    5.299650829315185,
    3.944239616394043,
    4.410213054656983,
    5.764700305938721,
    6.24813122177124,
    7.019085792541504,
    6.793628826141357,
    10.763870460510255,
    6.848313171386719,
    10.870711112976075,
    9.50247021484375,
    4.680838600158691,
    1.1330716962814331,
    16.449542114257813,
    0.3528411693572998,
    2.680295415878296,
    16.05046150970459,
    0.23391569089889527,
    6.341244274139404,
    1.737068618774414,
    0.11134132301807403,
    7.393407020568848,
    3.1484788455963133,
    1.3994971342086793,
    0.6300964226722717,
    27.83546244812012,
    2.760269790649414,
    0.4462395625114441,
    0.11143064564466476,
    36.21889852905274,
    0.17696899473667144,
    0.07717448669672013,
    0.07591896253824235,
    0.19361947000026702,
    26.696375717163086,
    0.322761828660965,
    1.1105447607040406,
    10.617088249206542,
    1.2587737498283387,
    4.225349760055542,
    0.84892853307724,
    0.23477657985687256,
    0.6115435490608215,
    7.12453874206543,
    3.533767644882202,
    3.177209774017334,
    2.344682677268982,
    0.6414585452079773,
    22.52284780883789,
    0.5672443571090698,
    13.399533584594726,
    1.0020425605773926,
    10.869752754211426
  ],
  "train_acc": [
    0.8368888888888889,
    0.9331666666666667,
    0.9490555555555555,
    0.9566666666666667,
    0.9607222222222223,
    0.9638888888888889,
    0.9642777777777778,
    0.9685,
    0.9666666666666667,
    0.9724444444444444,
    0.9722222222222222,
    0.9734444444444444,
    0.9737222222222223,
    0.9751111111111112,
    0.9748333333333333,
    0.9747222222222223,
    0.9759444444444444,
    0.9799444444444444,
    0.9786111111111111,
    0.9799444444444444,
    0.9778333333333333,
    0.9807777777777777,
    0.9835555555555555,
    0.9819444444444444,
    0.9842222222222222,
    0.9817222222222223,
    0.984,
    0.9817222222222223,
    0.9823888888888889,
    0.9784444444444444,
    0.9828333333333333,
    0.9833333333333333,
    0.9842777777777778,
    0.9852777777777778,
    0.9853888888888889,
    0.9852777777777778,
    0.9844444444444445,
    0.9826666666666667,
    0.9854444444444445,
    0.9859444444444444,
    0.9874444444444445,
    0.9886111111111111,
    0.9856666666666667,
    0.989,
    0.9858333333333333,
    0.9893333333333333,
    0.9886111111111111,
    0.9883888888888889,
    0.9897777777777778,
    0.9887222222222222,
    0.9898888888888889,
    0.988,
    0.9895,
    0.9888333333333333,
    0.9916666666666667,
    0.9875555555555555,
    0.9891666666666666
  ],
  "val_acc": [
    0.5035,
    0.5035,
    0.5035,
    0.5035,
    0.5035,
    0.504,
    0.503,
    0.5065,
    0.5035,
    0.5035,
    0.5035,
    0.5035,
    0.5035,
    0.5035,
    0.5225,
    0.4965,
    0.5245,
    0.5035,
    0.8615,
    0.6145,
    0.4975,
    0.9175,
    0.5995,
    0.684,
    0.965,
    0.6355,
    0.4965,
    0.642,
    0.654,
    0.5035,
    0.6965,
    0.875,
    0.955,
    0.5035,
    0.9535,
    0.985,
    0.974,
    0.931,
    0.5035,
    0.9525,
    0.8325,
    0.4985,
    0.6515,
    0.5235,
    0.593,
    0.9455,
    0.875,
    0.519,
    0.543,
    0.8055,
    0.7535,
    0.8755,
    0.508,
    0.8435,
    0.553,
    0.8225,
    0.508
  ]
}