{
  "train_loss": [
    0.4135386696126726,
    0.19058673903677198,
    0.16036150289244122,
    0.14211193954282336,
    0.13189329186992513,
    0.11930561572313308,
    0.11304936536649864,
    0.11035427871843179,
    0.106758955012593,
    0.10321225231223637,
    0.09785221364266343,
    0.09539799988600943,
    0.0944770563836727,
    0.09487285209281578,
    0.09026633618026972,
    0.0878092320875989,
    0.0874074491303828,
    0.08475497024009625,
    0.08134416912413306,
    0.08342444433768591,
    0.08095944986161259,
    0.0778625853943328,
    0.0769098666039192,
    0.07545181242169606,
    0.07128087535831663,
    0.07146040807871355,
    0.0698882146022386,
    0.0686005770969722,
    0.06602161435368989,
    0.06580906773275799,
    0.06145495373548733,
    0.061148469608277085,
    0.05875659637463589,
    0.059264134443468515,
    0.05664729905583792,
    0.055080583948228096,
    0.05487510571856465,
    0.05346508495085355,
    0.05085097323854764,
    0.048236295396048165,
    0.04860470850165519,
    0.048702730835104985,
    0.04637533385523905,
    0.04699049142189324,
    0.0427773408724202,
    0.04409229879919439,
    0.04502485771704879,
    0.04188802258297801,
    0.03994743036168317,
    0.04088858209695253,
    0.038637030180957585,
    0.036459254743220905,
    0.035227507484041985,
    0.03340610690032028,
    0.03573615078286578,
    0.03594265295772089,
    0.03113643752100567,
    0.031156645908951758,
    0.032432971795710426,
    0.02862961304229167,
    0.03154715866181586,
    0.028955842457090816,
    0.0268235769710607,
    0.025950169707855415,
    0.02849406729043565
  ],
  "val_loss": [
    0.23875479674339295,
    0.19095006597042083,
    0.16740555715560912,
    0.15081282323598863,
    0.14192545425891875,
    0.12378882545232772,
    0.17292214798927308,
    0.1155546191930771,
    0.11331743878126145,
    0.12029661703109741,
    0.11633984327316284,
    0.11184183931350708,
    0.1109161378145218,
    0.1066430560350418,
    0.10562384855747223,
    0.11282076537609101,
    0.10355861240625382,
    0.11511982023715973,
    0.10946823036670685,
    0.10196470594406128,
    0.11259415221214295,
    0.1005370260477066,
    0.10854532968997956,
    0.10099391859769821,
    0.11007864081859589,
    0.11429586803913117,
    0.09920286911725998,
    0.1274010570049286,
    0.10495276772975921,
    0.10069573557376861,
    0.10893603450059891,
    0.11519858103990555,
    0.10615408283472061,
    0.09845320498943329,
    0.10936715042591096,
    0.12200300616025925,
    0.098960413813591,
    0.12491974937915802,
    0.10106777369976044,
    0.10202328854799271,
    0.10389885139465332,
    0.10257746195793152,
    0.10176033705472946,
    0.11595683681964875,
    0.09815853536128998,
    0.10167415350675583,
    0.12250263899564744,
    0.12341169571876526,
    0.10046358251571655,
    0.1028901155591011,
    0.10739756894111634,
    0.11050423866510391,
    0.1071482612490654,
    0.11710941392183304,
    0.10731052058935166,
    0.11071673691272736,
    0.129454310297966,
    0.1095325304865837,
    0.11440974295139313,
    0.10639463275671006,
    0.11093134039640426,
    0.11501496177911759,
    0.1145426241159439,
    0.10964716535806655,
    0.13437312799692153
  ],
  "train_acc": [
    0.8476666666666667,
    0.9341111111111111,
    0.9397777777777778,
    0.947,
    0.9522222222222222,
    0.9558333333333333,
    0.9591111111111111,
    0.9603888888888888,
    0.9605,
    0.9621666666666666,
    0.9635,
    0.9654444444444444,
    0.9661666666666666,
    0.9663888888888889,
    0.9668888888888889,
    0.968,
    0.9672222222222222,
    0.969,
    0.9704444444444444,
    0.9698333333333333,
    0.9710555555555556,
    0.9728888888888889,
    0.9716666666666667,
    0.9737777777777777,
    0.9748333333333333,
    0.9750555555555556,
    0.9748333333333333,
    0.9743888888888889,
    0.9762222222222222,
    0.9759444444444444,
    0.9787777777777777,
    0.9781666666666666,
    0.9795555555555555,
    0.9791111111111112,
    0.9803333333333333,
    0.9806111111111111,
    0.9813888888888889,
    0.9819444444444444,
    0.9820555555555556,
    0.9832222222222222,
    0.9826111111111111,
    0.9823333333333333,
    0.9846666666666667,
    0.9838333333333333,
    0.9848888888888889,
    0.9848888888888889,
    0.9848888888888889,
    0.9840555555555556,
    0.9863333333333333,
    0.9851666666666666,
    0.9863333333333333,
    0.9873888888888889,
    0.9875,
    0.989,
    0.9866111111111111,
    0.9870555555555556,
    0.9901111111111112,
    0.989,
    0.9879444444444444,
    0.9906111111111111,
    0.9883888888888889,
    0.9901111111111112,
    0.9911111111111112,
    0.9916666666666667,
    0.9892777777777778
  ],
  "val_acc": [
    0.9215,
    0.927,
    0.9385,
    0.9475,
    0.945,
    0.9575,
    0.931,
    0.957,
    0.9575,
    0.9565,
    0.9575,
    0.962,
    0.959,
    0.961,
    0.96,
    0.961,
    0.961,
    0.957,
    0.958,
    0.9635,
    0.962,
    0.9645,
    0.9575,
    0.9595,
    0.9615,
    0.959,
    0.9665,
    0.955,
    0.962,
    0.9655,
    0.9645,
    0.9595,
    0.9635,
    0.96,
    0.961,
    0.9505,
    0.9645,
    0.9575,
    0.962,
    0.9655,
    0.9605,
    0.9635,
    0.965,
    0.9575,
    0.9625,
    0.964,
    0.9605,
    0.955,
    0.967,
    0.9635,
    0.9665,
    0.9645,
    0.961,
    0.959,
    0.962,
    0.9625,
    0.962,
    0.9645,
    0.9635,
    0.9625,
    0.9615,
    0.965,
    0.9665,
    0.9645,
    0.9485
  ]
}