{
  "train_loss": [
    0.4068648160298665,
    0.17805617579486635,
    0.15534960436820983,
    0.13813634785016377,
    0.12982705222235785,
    0.11747399947709507,
    0.11309426521095965,
    0.10652695545388592,
    0.10107111484888527,
    0.1011414660314719,
    0.09546681821429068,
    0.09131486494259702,
    0.0891200868934393,
    0.08886172809948524,
    0.08593089078035619,
    0.08159188568012582,
    0.08170197882420487,
    0.08211418596075641,
    0.07537507272263368,
    0.074978336741113,
    0.0737368513573375,
    0.06965910924277786,
    0.06921342535730865,
    0.06613889197881023,
    0.0656690164754788,
    0.06254083220991824,
    0.06145221472655733,
    0.06232237706002262,
    0.05776272298333546,
    0.056978475673331155,
    0.05465460355372893,
    0.0526413900864621,
    0.050959341167782744,
    0.050824155502849154,
    0.0479129870540152,
    0.04883912230365806,
    0.04452278022178345,
    0.04512010780846079,
    0.04624276933177478,
    0.041981997358509236,
    0.039130396324002906,
    0.038211301933974026,
    0.044591302132027014,
    0.03551384541599287,
    0.036345593043603006,
    0.03222066239784989,
    0.03313267942238599
  ],
  "val_loss": [
    0.1939483391046524,
    0.14653248876333236,
    0.1434266940355301,
    0.13255567568540574,
    0.1205106624364853,
    0.10453313028812408,
    0.11872376212477684,
    0.09720046257972717,
    0.1016385994553566,
    0.12135950988531112,
    0.09403889220952988,
    0.09134458604454994,
    0.08789745134115219,
    0.10273438158631325,
    0.0964939725100994,
    0.08101010146737099,
    0.08699726058542728,
    0.10006590178608894,
    0.09045269407331943,
    0.08665637438744307,
    0.08895241209864617,
    0.11690898898243904,
    0.10165547806024551,
    0.0854375087171793,
    0.09115448408573866,
    0.1255704316496849,
    0.07588794149458408,
    0.085895866766572,
    0.08494537356495857,
    0.09657417188584805,
    0.08547995925694704,
    0.08872826333343983,
    0.08893490749597549,
    0.08442715778946877,
    0.08574193792045116,
    0.08359635819494725,
    0.08806170743703842,
    0.09335906567424536,
    0.0919433349967003,
    0.08782063440978527,
    0.08165286220610142,
    0.0902002277635038,
    0.10143298840522766,
    0.08388582491874695,
    0.09612700831890106,
    0.09847170876711607,
    0.09549221141636371
  ],
  "train_acc": [
    0.8381666666666666,
    0.9353888888888889,
    0.9406111111111111,
    0.9460555555555555,
    0.9506111111111111,
    0.9563333333333334,
    0.9575,
    0.9592777777777778,
    0.9628333333333333,
    0.9611111111111111,
    0.9641666666666666,
    0.9656666666666667,
    0.9662777777777778,
    0.9676666666666667,
    0.9674444444444444,
    0.9700555555555556,
    0.9689444444444445,
    0.9691666666666666,
    0.973,
    0.9716111111111111,
    0.9732222222222222,
    0.9741111111111111,
    0.975,
    0.9752777777777778,
    0.9763888888888889,
    0.9767777777777777,
    0.9757222222222223,
    0.9767777777777777,
    0.9785,
    0.9794444444444445,
    0.9807777777777777,
    0.9806666666666667,
    0.9812777777777778,
    0.9814444444444445,
    0.9826111111111111,
    0.982,
    0.9844444444444445,
    0.9839444444444444,
    0.9833888888888889,
    0.9858333333333333,
    0.9865555555555555,
    0.9862777777777778,
    0.9837222222222223,
    0.9873888888888889,
    0.9866666666666667,
    0.9887222222222222,
    0.9885
  ],
  "val_acc": [
    0.945,
    0.947,
    0.9475,
    0.9485,
    0.9555,
    0.9585,
    0.957,
    0.961,
    0.9615,
    0.9515,
    0.963,
    0.9655,
    0.9645,
    0.962,
    0.9645,
    0.97,
    0.97,
    0.9625,
    0.9665,
    0.971,
    0.9675,
    0.953,
    0.9585,
    0.9655,
    0.97,
    0.9545,
    0.972,
    0.9665,
    0.9685,
    0.9635,
    0.9705,
    0.966,
    0.971,
    0.968,
    0.9705,
    0.9715,
    0.969,
    0.9695,
    0.966,
    0.9695,
    0.972,
    0.97,
    0.9675,
    0.971,
    0.966,
    0.9675,
    0.9655
  ]
}