{
  "train_loss": [
    1.6564363068474663,
    1.1233425116009181,
    1.2132581562466092,
    1.0014681368933784,
    0.9699163793987698,
    0.9984907257292006,
    0.9088284034199184,
    0.8553564074304368,
    0.8587038627200656,
    0.8047934032546149,
    0.9367987389034695,
    0.8549968034426372,
    0.8266281948619418,
    0.8556334818204244,
    0.8294465829531352,
    0.7609215595987108,
    0.7620333729320102,
    0.7693221424950494,
    0.7668717663553026,
    0.7520621886253357,
    0.7215319574673971,
    0.7615172337955899,
    0.710100110106998,
    0.7043229223357307,
    0.707104084915585,
    0.771413642194536,
    0.7607738954755995,
    0.7135240333345201,
    0.9243857604662578,
    0.8144692866537306,
    0.7380155050489637,
    0.7081511512862312,
    0.6954548411899143,
    0.9797785734600492,
    0.8470168629752265,
    1.071885166168213,
    0.8080265188217163,
    0.7577730282677545,
    0.7610853653483921,
    0.749484763039483,
    0.7317345625559489,
    1.1615304412311978,
    0.8676409202151828,
    0.7962331825362311,
    0.769730281300015,
    0.7440933354695638,
    0.9874265987608167,
    0.8483222102059258,
    0.7682247360547384,
    0.7641765019098917,
    0.7539523929489983,
    0.7209024997287327
  ],
  "val_loss": [
    1.1150216026306152,
    1.1569733762741088,
    1.4495093088150024,
    0.9368603391647339,
    1.2856590442657472,
    0.9682218179702758,
    0.880216209411621,
    1.2904364690780639,
    1.1288285531997682,
    0.7726262035369873,
    0.972459192276001,
    0.8238476114273071,
    0.9391853876113891,
    0.9319504284858704,
    0.8748113136291504,
    0.8625627145767212,
    0.8046204485893249,
    0.7967551774978637,
    0.8931725006103516,
    0.8411998357772827,
    0.9257482266426087,
    0.8605365109443665,
    0.7692710905075073,
    0.762552631855011,
    0.7698383283615112,
    0.8485968351364136,
    0.7870411338806153,
    0.8100132641792297,
    0.8558624315261841,
    0.9112507276535035,
    0.8035784530639648,
    0.7467329144477844,
    0.7517576251029968,
    1.0030220127105713,
    0.8775778636932373,
    0.8982262029647827,
    0.9015361804962159,
    0.7810742826461792,
    0.8672674107551575,
    0.8556120185852051,
    0.7759111170768738,
    1.0241328592300416,
    0.8975995411872864,
    0.7931219639778138,
    0.8031758580207825,
    0.7820684804916381,
    0.8889746809005737,
    0.8050043187141418,
    0.8483793315887451,
    0.8563116650581359,
    0.8694187269210816,
    0.7731543693542481
  ],
  "train_acc": [
    0.5586111111111111,
    0.5944444444444444,
    0.5976666666666667,
    0.6024444444444444,
    0.6083333333333333,
    0.6063333333333333,
    0.6105555555555555,
    0.618,
    0.6200555555555556,
    0.6207777777777778,
    0.6136666666666667,
    0.6017222222222223,
    0.6046666666666667,
    0.6156111111111111,
    0.6036666666666667,
    0.6077777777777778,
    0.6133333333333333,
    0.6166111111111111,
    0.6105555555555555,
    0.6046111111111111,
    0.6094444444444445,
    0.6186111111111111,
    0.6066666666666667,
    0.613,
    0.6004444444444444,
    0.6142222222222222,
    0.6123888888888889,
    0.5939444444444445,
    0.5904444444444444,
    0.5842777777777778,
    0.5929444444444445,
    0.592,
    0.6052222222222222,
    0.5753888888888888,
    0.5855555555555556,
    0.5861111111111111,
    0.5831666666666667,
    0.591,
    0.6067222222222223,
    0.5991666666666666,
    0.6022777777777778,
    0.5983333333333334,
    0.5865555555555556,
    0.6006111111111111,
    0.6093333333333333,
    0.6105,
    0.6153333333333333,
    0.5953888888888889,
    0.6047777777777777,
    0.6210555555555556,
    0.607,
    0.6224444444444445
  ],
  "val_acc": [
    0.55,
    0.5715,
    0.562,
    0.576,
    0.5815,
    0.598,
    0.609,
    0.578,
    0.601,
    0.599,
    0.5805,
    0.584,
    0.609,
    0.616,
    0.562,
    0.603,
    0.591,
    0.5685,
    0.5725,
    0.567,
    0.553,
    0.566,
    0.5825,
    0.599,
    0.5975,
    0.6145,
    0.596,
    0.567,
    0.553,
    0.567,
    0.564,
    0.584,
    0.5755,
    0.5605,
    0.537,
    0.5555,
    0.571,
    0.5755,
    0.606,
    0.585,
    0.578,
    0.5665,
    0.5715,
    0.588,
    0.5855,
    0.6085,
    0.5615,
    0.5715,
    0.584,
    0.5835,
    0.5655,
    0.594
  ]
}