{
  "train_loss": [
    2.0512885910669962,
    1.3635424792501663,
    1.2347840371661716,
    1.3240006484455533,
    1.1845767029126486,
    1.13112841463089,
    1.0987068368064032,
    1.0414517181184557,
    1.020327429294586,
    0.9478658251232571,
    0.9168984120686849,
    0.8910709807078043,
    1.096027585056093,
    0.9051749919785393,
    0.8244021414650811,
    0.838297746764289,
    0.7783651072714064,
    0.7835453254381816,
    0.7697056355476379,
    0.7802361175749037,
    0.743117114437951,
    0.8672962365680271,
    0.9246971117125617,
    0.8239673967891269,
    0.7671061427858141,
    0.7685954623222351,
    0.86217381339603,
    0.945494272020128,
    0.9284004577530754,
    0.784547474331326,
    1.5546654306517707,
    0.8880240488582187,
    0.8159513629277547,
    0.8128695498042636,
    0.8110035409927369,
    0.7733499559826321,
    1.0304365848435295,
    0.83096327580346,
    0.7892886544863383,
    0.7782422779930962,
    0.754602463722229
  ],
  "val_loss": [
    1.696486415863037,
    3.35718986082077,
    1.5089850859642029,
    1.8546400451660157,
    1.4328056454658509,
    1.4355658388137817,
    2.043515230178833,
    2.2892749538421633,
    1.207796516418457,
    1.1353799495697021,
    1.1127196474075318,
    1.0757289552688598,
    1.134271511077881,
    1.1204364829063416,
    0.9983818893432617,
    0.9248094811439515,
    0.8521494908332825,
    0.8992355432510376,
    0.8566207246780395,
    0.9324754109382629,
    0.833334596157074,
    1.4282329015731812,
    1.0582715549468995,
    0.981506600856781,
    0.927131561756134,
    1.201097195148468,
    1.1946721320152283,
    1.2142439489364625,
    0.924986252784729,
    1.0438191242218018,
    1.5198494219779968,
    0.9677305788993835,
    0.9682461967468262,
    0.9875899972915649,
    0.9549017457962036,
    0.9923898305892944,
    1.0598390321731568,
    1.2413132705688477,
    1.1212244319915772,
    0.9755879034996032,
    1.2376526737213134
  ],
  "train_acc": [
    0.5400555555555555,
    0.5793333333333334,
    0.5899444444444445,
    0.5915555555555555,
    0.5948888888888889,
    0.6025,
    0.6007777777777777,
    0.6053333333333333,
    0.6117777777777778,
    0.6080555555555556,
    0.6151111111111112,
    0.6114444444444445,
    0.6106666666666667,
    0.6038888888888889,
    0.6013333333333334,
    0.6070555555555556,
    0.6095555555555555,
    0.6106111111111111,
    0.6015,
    0.6086666666666667,
    0.6023333333333334,
    0.6021111111111112,
    0.6097777777777778,
    0.6001666666666666,
    0.6104444444444445,
    0.6095,
    0.6095555555555555,
    0.5955,
    0.5886111111111111,
    0.5987777777777777,
    0.6026666666666667,
    0.5941666666666666,
    0.6116666666666667,
    0.6125,
    0.6101666666666666,
    0.6174444444444445,
    0.6145,
    0.5956666666666667,
    0.6038888888888889,
    0.606,
    0.6174444444444445
  ],
  "val_acc": [
    0.5565,
    0.5745,
    0.5835,
    0.5865,
    0.5885,
    0.5785,
    0.5875,
    0.57,
    0.5895,
    0.594,
    0.5905,
    0.591,
    0.587,
    0.559,
    0.6005,
    0.575,
    0.615,
    0.625,
    0.579,
    0.5985,
    0.5635,
    0.6015,
    0.593,
    0.612,
    0.612,
    0.6215,
    0.5775,
    0.6265,
    0.595,
    0.6085,
    0.591,
    0.6035,
    0.602,
    0.6085,
    0.63,
    0.6,
    0.6,
    0.5845,
    0.59,
    0.6045,
    0.5855
  ]
}