{
  "train_loss": [
    0.44559968161582947,
    0.3565201194153892,
    0.3179900221162372,
    0.29045258069038393,
    0.2779440351459715,
    0.26937622432576286,
    0.2616359682480494,
    0.24996521702077654,
    0.243286019232538,
    0.24208391641245947,
    0.23318881488508647,
    0.2269586899081866,
    0.22148404109477998,
    0.21939339590072632,
    0.2158265920082728,
    0.20627568970123927,
    0.20220184297031826,
    0.20672646496693292,
    0.20265415048599242,
    0.19654280911220445,
    0.19718454783161482,
    0.1955590639975336,
    0.1890613803797298,
    0.19081067467066976,
    0.18476915020412868,
    0.18615614863236746,
    0.1862179520395067,
    0.17087293424540095,
    0.17048569681909348,
    0.16290761072436968,
    0.17955502127607664,
    0.16645734094911152,
    0.16161259366075198,
    0.15792633916272059,
    0.15068846099244224,
    0.15536247124274571
  ],
  "val_loss": [
    0.2606909737586975,
    1.351785976409912,
    0.31898801493644713,
    0.2872536704540253,
    0.1889655840396881,
    0.263440110206604,
    0.18257776868343353,
    0.20298893558979034,
    0.1806330498456955,
    0.23318366253376008,
    0.25066297793388365,
    0.17043883788585662,
    0.15924316012859344,
    0.16632112455368042,
    0.1782190897464752,
    0.14171005249023438,
    0.16657173430919647,
    0.16117343747615814,
    0.163799351811409,
    0.2599261405467987,
    0.15788245809078216,
    0.14820296931266785,
    0.16034491789340974,
    0.173908717751503,
    0.14442015957832335,
    0.15765000641345978,
    0.14379239666461946,
    0.15715323531627656,
    0.2213501808643341,
    0.1625241676568985,
    0.16217994391918183,
    0.15410896158218385,
    0.18814116966724395,
    0.15242771351337434,
    0.15984554088115693,
    0.16016934621334075
  ],
  "train_acc": [
    0.7899444444444444,
    0.8878888888888888,
    0.8972777777777777,
    0.9008888888888889,
    0.9070555555555555,
    0.9097777777777778,
    0.9073333333333333,
    0.9108333333333334,
    0.9185555555555556,
    0.9203888888888889,
    0.9233888888888889,
    0.9235,
    0.9267222222222222,
    0.9231111111111111,
    0.9258333333333333,
    0.9292777777777778,
    0.9283888888888889,
    0.9264444444444444,
    0.9296666666666666,
    0.9318888888888889,
    0.9327777777777778,
    0.932,
    0.9322777777777778,
    0.9331666666666667,
    0.9353333333333333,
    0.9348333333333333,
    0.9365555555555556,
    0.9401111111111111,
    0.9400555555555555,
    0.9429444444444445,
    0.9332777777777778,
    0.9437222222222222,
    0.9432777777777778,
    0.9452222222222222,
    0.9481111111111111,
    0.9443888888888889
  ],
  "val_acc": [
    0.891,
    0.6885,
    0.859,
    0.8865,
    0.925,
    0.883,
    0.9255,
    0.9085,
    0.9285,
    0.898,
    0.912,
    0.932,
    0.9365,
    0.938,
    0.935,
    0.9465,
    0.939,
    0.9375,
    0.934,
    0.9175,
    0.939,
    0.9445,
    0.9395,
    0.9285,
    0.949,
    0.943,
    0.9435,
    0.939,
    0.9235,
    0.9385,
    0.934,
    0.9405,
    0.9285,
    0.942,
    0.9375,
    0.9385
  ]
}