{
  "train_loss": [
    0.38674561854203543,
    0.28057226761182147,
    0.21953009015984004,
    0.18967607983615664,
    0.17160263291994732,
    0.16060033951865302,
    0.14693338184224233,
    0.14833186186353364,
    0.13685479447411167,
    0.13648376352919472,
    0.12385158793297078,
    0.12123445327331622,
    0.11762152842018339,
    0.11223940538614988,
    0.11049266313016415,
    0.10896888171136379,
    0.11012384601102936,
    0.10133570552534528,
    0.10267145469039679,
    0.09429684839273493,
    0.10051917742772234,
    0.09773620185007652,
    0.09271407056330806,
    0.09134484692166249,
    0.08214817012184196,
    0.07809513619521426,
    0.08238191267454789,
    0.07753459772242544,
    0.07276976016329395,
    0.07608934296279525,
    0.07661786394411077,
    0.06622158959549335,
    0.07296497868265336,
    0.06372566893156101,
    0.07062734965452304,
    0.056593204524057604,
    0.06210447229587266,
    0.06322748812841665,
    0.0592995201971175,
    0.06521274328324944
  ],
  "val_loss": [
    0.8721720590591431,
    0.3346881504058838,
    0.3250145605802536,
    0.299125018119812,
    0.12693517702817916,
    0.12680035585165023,
    0.09528786849975586,
    0.08791295862197876,
    0.10489319503307343,
    0.10655585527420045,
    0.09565187880396843,
    0.08307235147058964,
    0.08846878737211228,
    0.09131155729293823,
    0.09886625558137893,
    0.08334497532248497,
    0.08046993318200112,
    0.1283462542295456,
    0.09734216231107712,
    0.06726665940880776,
    0.07638672277331353,
    0.09104944586753845,
    0.0854417929649353,
    0.0851548372209072,
    0.06924054096639157,
    0.10106539575755596,
    0.06795894765853881,
    0.08470984145998955,
    0.07657861140370369,
    0.08566149559617042,
    0.07436549541354179,
    0.08553440842032432,
    0.08497244787216186,
    0.12696625578403473,
    0.10886752235889435,
    0.08537023764848709,
    0.09894651401042938,
    0.09332247257232666,
    0.11783766040205955,
    0.1292190955579281
  ],
  "train_acc": [
    0.8291111111111111,
    0.8966111111111111,
    0.9237222222222222,
    0.9338888888888889,
    0.9421111111111111,
    0.947,
    0.9494444444444444,
    0.9502222222222222,
    0.955,
    0.9554444444444444,
    0.9581666666666667,
    0.9596111111111111,
    0.9600555555555556,
    0.9612222222222222,
    0.9611666666666666,
    0.9627777777777777,
    0.9618333333333333,
    0.9662777777777778,
    0.9642222222222222,
    0.9670555555555556,
    0.9662222222222222,
    0.9647777777777777,
    0.969,
    0.9676666666666667,
    0.9713888888888889,
    0.9715555555555555,
    0.9711666666666666,
    0.9737222222222223,
    0.9745,
    0.9717222222222223,
    0.9725,
    0.9760555555555556,
    0.9736111111111111,
    0.9771111111111112,
    0.9744444444444444,
    0.979,
    0.9770555555555556,
    0.9758333333333333,
    0.9789444444444444,
    0.9777222222222223
  ],
  "val_acc": [
    0.6805,
    0.859,
    0.8685,
    0.875,
    0.9485,
    0.965,
    0.968,
    0.965,
    0.966,
    0.9555,
    0.96,
    0.9695,
    0.968,
    0.9685,
    0.964,
    0.968,
    0.9755,
    0.961,
    0.9675,
    0.977,
    0.973,
    0.9685,
    0.974,
    0.9705,
    0.9785,
    0.968,
    0.9795,
    0.976,
    0.9755,
    0.9685,
    0.9765,
    0.9755,
    0.974,
    0.957,
    0.9605,
    0.9775,
    0.9665,
    0.973,
    0.9675,
    0.967
  ]
}