{
  "train_loss": [
    0.6868529468112522,
    0.6298092555469936,
    0.5724408103889889,
    0.547018307685852,
    0.5362187969419692,
    0.5315203622976938,
    0.5276212351587084,
    0.5231967786153158,
    0.5181022486686706,
    0.5140127234194014,
    0.5110715141826205,
    0.5084131331443786,
    0.5056055943965911,
    0.504050905333625,
    0.502722059753206,
    0.5013986846605937,
    0.49933195808198716,
    0.4983688218328688,
    0.4972518360349867,
    0.4959660932752821,
    0.49528962484995526,
    0.49424275228712294,
    0.49246569935480755,
    0.4925669971042209,
    0.4923597809473674,
    0.49066078583399453,
    0.49174066498544483,
    0.49035380922423466,
    0.4899299528068966,
    0.4903023723496331,
    0.4883937507205539,
    0.4883237099647522,
    0.4878859284189012,
    0.4872360045115153,
    0.48697895261976454,
    0.4864183316495683,
    0.48614252169926964,
    0.48454272927178277,
    0.48532951249016654,
    0.4847240422831641,
    0.4841440216700236,
    0.484615291012658,
    0.48206067980660333,
    0.48227865298589073,
    0.4840402754147847,
    0.483311892191569,
    0.480684494389428,
    0.48132353790601096,
    0.48172833893034195,
    0.4804979052013821,
    0.48060277345445424,
    0.4807688174247742,
    0.480006580458747,
    0.4793561415937212,
    0.4798353367381626,
    0.4790904732545217,
    0.4800084524949392,
    0.478514978117413,
    0.4792354254722595,
    0.4784783291949166,
    0.4796080390347375,
    0.4783190733326806,
    0.4775169055726793,
    0.478981006860733,
    0.4770113390286764,
    0.4776756188604567,
    0.47739318068822223,
    0.4769656821356879,
    0.476076353735394
  ],
  "val_loss": [
    0.6705961637496948,
    0.5941391859054566,
    0.5558844604492188,
    0.5383089437484742,
    0.5316298155784607,
    0.5306698951721192,
    0.5296750166416169,
    0.520942031621933,
    0.5167765102386475,
    0.5152749745845795,
    0.51105815076828,
    0.5091665210723877,
    0.506536752462387,
    0.5101341876983643,
    0.5067281076908111,
    0.5039376599788665,
    0.5019949514865876,
    0.5043005862236023,
    0.501951648235321,
    0.5136468508243561,
    0.49863705968856814,
    0.49907192635536196,
    0.503952737569809,
    0.4979139597415924,
    0.4994411635398865,
    0.5007146058082581,
    0.49636124444007873,
    0.513778005361557,
    0.4971731905937195,
    0.500251205444336,
    0.4983956389427185,
    0.4983834819793701,
    0.4976766791343689,
    0.49658463335037234,
    0.49803834867477415,
    0.4953665063381195,
    0.49755628538131713,
    0.502317846775055,
    0.4975893609523773,
    0.4952079465389252,
    0.4968558943271637,
    0.49464091849327085,
    0.5060581967830659,
    0.5005529520511627,
    0.49741362380981446,
    0.5022425498962403,
    0.49640988516807555,
    0.5026535301208496,
    0.49449012899398803,
    0.49601249074935916,
    0.49535439133644105,
    0.5085891363620758,
    0.49877125000953676,
    0.49583753752708437,
    0.4961878695487976,
    0.5149109444618225,
    0.5065544011592865,
    0.49569503545761107,
    0.49642983627319337,
    0.4950825924873352,
    0.4996471140384674,
    0.49869082069396975,
    0.49479697465896605,
    0.49966659688949583,
    0.4969496898651123,
    0.4980181612968445,
    0.5017424695491791,
    0.4990793194770813,
    0.4990320074558258
  ],
  "train_acc": [
    0.5613333333333334,
    0.7005,
    0.7327777777777778,
    0.7337222222222223,
    0.7356666666666667,
    0.7386111111111111,
    0.7436666666666667,
    0.7436666666666667,
    0.7480555555555556,
    0.7493333333333333,
    0.7532777777777778,
    0.7539444444444444,
    0.7566111111111111,
    0.7571666666666667,
    0.7581111111111111,
    0.7558888888888889,
    0.76,
    0.7594444444444445,
    0.7603888888888889,
    0.7622222222222222,
    0.7638888888888888,
    0.7628888888888888,
    0.7627777777777778,
    0.7641666666666667,
    0.7618888888888888,
    0.7643333333333333,
    0.7647222222222222,
    0.7665555555555555,
    0.7662222222222222,
    0.7672222222222222,
    0.7661666666666667,
    0.7688888888888888,
    0.769,
    0.7698888888888888,
    0.7681111111111111,
    0.769,
    0.7703888888888889,
    0.7686111111111111,
    0.7688333333333334,
    0.7705555555555555,
    0.7696666666666667,
    0.7709444444444444,
    0.7705555555555555,
    0.7686666666666667,
    0.7696666666666667,
    0.7708888888888888,
    0.7725555555555556,
    0.7716666666666666,
    0.7709444444444444,
    0.7704444444444445,
    0.7703333333333333,
    0.7723333333333333,
    0.7711111111111111,
    0.7711111111111111,
    0.7726666666666666,
    0.7713888888888889,
    0.7719444444444444,
    0.7733333333333333,
    0.7747222222222222,
    0.7734444444444445,
    0.7717777777777778,
    0.7732777777777777,
    0.7725555555555556,
    0.7721111111111111,
    0.7735555555555556,
    0.7740555555555556,
    0.7763333333333333,
    0.7740555555555556,
    0.7751111111111111
  ],
  "val_acc": [
    0.5245,
    0.7255,
    0.7235,
    0.739,
    0.746,
    0.747,
    0.7365,
    0.746,
    0.7445,
    0.7485,
    0.752,
    0.7585,
    0.756,
    0.751,
    0.75,
    0.761,
    0.759,
    0.756,
    0.7595,
    0.7535,
    0.7585,
    0.7605,
    0.759,
    0.76,
    0.7605,
    0.759,
    0.7605,
    0.7555,
    0.7675,
    0.7605,
    0.7675,
    0.762,
    0.7605,
    0.7675,
    0.77,
    0.767,
    0.766,
    0.764,
    0.762,
    0.7655,
    0.7645,
    0.7705,
    0.754,
    0.761,
    0.764,
    0.7635,
    0.7665,
    0.77,
    0.7695,
    0.7715,
    0.771,
    0.7525,
    0.7685,
    0.7685,
    0.7715,
    0.757,
    0.754,
    0.7715,
    0.771,
    0.766,
    0.7655,
    0.765,
    0.773,
    0.774,
    0.769,
    0.7685,
    0.7585,
    0.7725,
    0.7625
  ]
}