{
  "train_loss": [
    0.6757023182445102,
    0.6459814371532864,
    0.6340735104348925,
    0.6278255487018162,
    0.6150546502007378,
    0.6103893505732219,
    0.6065753246413337,
    0.6012237029605442,
    0.5729524092674255,
    0.5654715399742126,
    0.5550619969103071,
    0.5465815795262655,
    0.5427754258579678,
    0.5388730267683665,
    0.5365744874212477,
    0.531788573079639,
    0.5323742195235358,
    0.5305380207167731,
    0.5249339050716824,
    0.5225517749256557,
    0.5251861907641093,
    0.5220822201304965,
    0.5246100385983785,
    0.5229923356109195,
    0.5198697640101115,
    0.5123349045647515,
    0.5168131433592902,
    0.514371072769165,
    0.5105098367267185,
    0.5115084974500868,
    0.5050860438611773,
    0.5087620427343581,
    0.5091923468907674,
    0.505356909222073,
    0.5040755350324843,
    0.5072065189679463,
    0.5049639156129625,
    0.5040261225700379,
    0.5020675971243117,
    0.5041856560972002,
    0.49927125475141737,
    0.5001094482739766,
    0.5041791359583537,
    0.5015093537436591,
    0.49681454828050403,
    0.49593737880388894,
    0.499461203151279,
    0.4954376399781969,
    0.5002612199253507,
    0.4920813030136956,
    0.4953139314651489,
    0.4875558868514167
  ],
  "val_loss": [
    0.6618739233016968,
    0.6480837926864624,
    0.6206181936264038,
    0.6202317171096802,
    0.6337841796875,
    0.596852463722229,
    0.5896492624282836,
    0.5765678191184997,
    0.5734574332237243,
    0.5531219515800476,
    0.5647360377311706,
    0.5252705039978027,
    0.5088971371650696,
    0.5202281694412232,
    0.5456564059257507,
    0.5213583211898803,
    0.5141746263504028,
    0.5030884203910828,
    0.5043838155269623,
    0.5084194753170014,
    0.5113671786785126,
    0.5127578659057617,
    0.5119843122959137,
    0.5124367980957031,
    0.5039248015880585,
    0.5103506588935852,
    0.5019640185832978,
    0.4980117516517639,
    0.5038525433540344,
    0.5025244414806366,
    0.5134669635295868,
    0.4893570771217346,
    0.5256746642589569,
    0.49470421600341796,
    0.49496519327163696,
    0.5062445945739746,
    0.5173227221965789,
    0.4986267430782318,
    0.4948712995052338,
    0.5287106156349182,
    0.5075863537788391,
    0.4927840163707733,
    0.5042705292701721,
    0.49946680283546446,
    0.5083169486522675,
    0.5104560301303863,
    0.4978109724521637,
    0.49570840811729433,
    0.5164031980037689,
    0.4997425410747528,
    0.5189275310039521,
    0.5082213652133941
  ],
  "train_acc": [
    0.5702777777777778,
    0.6155,
    0.6488333333333334,
    0.6685,
    0.6807777777777778,
    0.6803888888888889,
    0.6860555555555555,
    0.6956666666666667,
    0.719,
    0.7300555555555556,
    0.7349444444444444,
    0.737,
    0.7435,
    0.7427222222222222,
    0.7423888888888889,
    0.7483333333333333,
    0.7454444444444445,
    0.7481111111111111,
    0.7525555555555555,
    0.7541666666666667,
    0.7504444444444445,
    0.7527777777777778,
    0.753,
    0.7542222222222222,
    0.7538888888888889,
    0.7627222222222222,
    0.7572777777777778,
    0.7652222222222222,
    0.7647222222222222,
    0.7636666666666667,
    0.7701666666666667,
    0.7671111111111111,
    0.7631666666666667,
    0.7689444444444444,
    0.7645,
    0.762,
    0.7667222222222222,
    0.7667222222222222,
    0.7685,
    0.7688333333333334,
    0.7729444444444444,
    0.7717222222222222,
    0.7692777777777777,
    0.7718888888888888,
    0.775,
    0.7768888888888889,
    0.7698888888888888,
    0.7730555555555556,
    0.7703888888888889,
    0.7791111111111111,
    0.7734444444444445,
    0.7779444444444444
  ],
  "val_acc": [
    0.597,
    0.6325,
    0.669,
    0.675,
    0.6425,
    0.691,
    0.686,
    0.719,
    0.6965,
    0.734,
    0.7235,
    0.744,
    0.761,
    0.7455,
    0.728,
    0.7455,
    0.7455,
    0.7645,
    0.7635,
    0.7595,
    0.763,
    0.7605,
    0.7485,
    0.7505,
    0.765,
    0.74,
    0.766,
    0.765,
    0.7615,
    0.7775,
    0.755,
    0.7745,
    0.7435,
    0.765,
    0.776,
    0.7645,
    0.763,
    0.767,
    0.78,
    0.7545,
    0.7715,
    0.7755,
    0.763,
    0.7675,
    0.7595,
    0.7645,
    0.765,
    0.7705,
    0.7585,
    0.7745,
    0.76,
    0.7645
  ]
}